benchmark,n,mean,nw_se,t_stat,ci_lower,ci_upper
TOPIX,252,-0.17655992063492065,0.054597598830597054,-3.2338403962185724,-0.2840877200337025,-0.06903212123613882
MSCI_EM,252,-0.6011714285714285,0.05835562821584828,-10.301858568770607,-0.7161005173772009,-0.486242339765656
