donor,weight,pre_rmspe
MSCI_HK,0.0,0.14506995655509117
MSCI_TAIWAN,0.0,0.14506995655509117
MSCI_EM,0.0,0.14506995655509117
MSCI_EM_ASIA,1.0,0.14506995655509117
MSCI_CHINA,0.0,0.14506995655509117
MSCI_INDIA,0.0,0.14506995655509117
MSCI_INDONESIA,0.0,0.14506995655509117
