donor,weight,pre_rmspe
STOXX600,0.0,0.28928554563448794
FTSE100,0.0,0.28928554563448794
MSCI_HK,1.0,0.28928554563448794
MSCI_TAIWAN,0.0,0.28928554563448794
SP500,0.0,0.28928554563448794
